Name	RSS Start	Nonamer	Spacer Length	Heptamer	RSS End	Start	NT Sequence	AA Sequence	Frame	Length	Strand	End
IGH1J01	26148	TGTTTTTGT	22	CACTGTG	26186	26187	GT          GCTTTAGACAACTGGGGAAAAGGAACGGAGGTTACTGTTCAACCTG	   ALDNWGKGTEVTVQP	3	48	+	26234
IGH1J02	128137	AGTGTTTGT	22	CACTGTG	128175	128176	AT       GACTACTTTGACTACTGGGGAAAAGGAACAATGGTGACGGTCACATCAG	  DYFDYWGKGTMVTVTS	3	51	+	128226
IGH1J03	128315	TGTTTATTT	22	CACTGTG	128353	128354	A                    CCGTGGGGTAAAGGGACAACAGTCACGGTCAAAACAG	      PWGKGTTVTVKT	2	38	+	128391
IGH1J04	128494	GGTTTTTGT	22	CACTGTG	128532	128533	AC       GGTGCTCTTGACTACTGGGGTAAAGGGACCGCAGTCACTGTAACATCAG	  GALDYWGKGTAVTVTS	3	51	+	128583
IGH1J05	128848	GGTTTTAGT	22	TACTGTG	128886	128887	AC       AACGCTTTTGACTACTGGGGAAAAGGAACAACGGTCACCGTCACTTCAG	  NAFDYWGKGTTVTVTS	3	51	+	128937
IGH1J06	129308	TCTTCTTGT	21	TACTTTG	129345	129346	C     TACGATGCTTTTGACTACTGGGGGAAAAGGACGATGGTCACGTCACTTCAG	 YDAFDYWGKRTMVTSLQ	2	52	+	129397
IGH1J07	129596	AGTTTTTGT	22	TACTGTG	129634	129635	TT    AACTGGGCTTTCGACTACTGGGGAAAAGGGACGATGGTAACGGTGACTTCAG	 NWAFDYWGKGTMVTVTS	3	54	+	129688
IGH1J08	129927	AGTTTTAGT	21	TACTGTG	129964	129965	T  TACCACGCAGCTTTGGACTACTGGGGAAAAGGGACGACGGTCACCGTCACCTCAG	YHAALDYWGKGTTVTVTS	2	56	+	130020
IGH1J09	130574	CGTTTTTAT	21	CACTGTG	130611	130612	TC    TACGCTGCTTTTGACTACTGGGGTAAAGGTACAACGGTAACCGTTTCATCAG	 YAAFDYWGKGTTVTVSS	3	54	+	130665
IGH2J08	204120	CGTTTTTAT	21	CACTGTG	204083	204082	TC    TACGCTGCTTTTGACTACTGGGGTAAAGGTACAACGGTAACCGTTTCATCAG	 YAAFDYWGKGTTVTVSS	3	54	-	204029
IGH2J07	204764	AGTTTTAGT	21	TACTGTG	204727	204726	T  TACCACGCAGCTTTGGACTACTGGGGAAAAGGGACGACGGTCACCGTCACCTCAG	YHAALDYWGKGTTVTVTS	2	56	-	204671
IGH2J06	205095	AGTTTTTGT	23	TACTGTG	205057	205056	AT    AACTGGGCTTTCGACTACTGGGGAAAAGGGACGATGGTAACGGTGACTTCAG	 NWAFDYWGKGTMVTVTS	3	54	-	205003
IGH2J05	205383	TCTTCTTGT	21	TACTTTG	205346	205345	CT     ACGATGCTTTTGACTACTGGGGAAAAAGGACGATGGTCACGTCACTTCAG	 YDAFDYWGKRTMVTSLQ	3	52	-	205294
IGH2J04	205843	GGTTTTAGT	22	TACTGTG	205805	205804	A       CAACGCTTTTGACTACTGGGGAAAAGGAACAACGGTCACCGTCACTTCAG	  NAFDYWGKGTTVTVTS	2	51	-	205754
IGH2J03	206198	GGTTTTTGT	22	CACTGTG	206160	206159	AT       GGTGCTTTTGACTACTGGGGTAAAGGGACCGCAGTCACTGTAACATCAG	  GAFDYWGKGTAVTVTS	3	51	-	206109
IGH2J02	206377	TGTTTATTT	22	CACTGTG	206339	206338	A                    CCGTGGGGTAAAGGGACAACAGTCACGGTCAAAACAG	      PWGKGTTVTVKT	2	38	-	206301
IGH2J01	206553	AGTGTTTGT	22	CACTGTG	206515	206514	AT       GACTACTTTGACTACTGGGGAAAAGGAACAATGGTGACGGTCACATCAG	  DYFDYWGKGTMVTVTS	3	51	-	206464