Name	Start	End	Length	Strand	In-Frame?	STOP codon?	RSS Start	Heptamer	Spacer Length	Nonamer	RSS End	RSS Length
IGH1V1-01	1252	1540	289	+	Yes	No	1541	CACAGTG	22	ACAAAAACC	1578	38
IGH1V1-02	3365	3656	292	+	Yes	No	3657	CACAGTG	22	ACAAAAACC	3694	38
IGH1V2-01	5907	6201	295	+	Yes	No	6202	CACAGAA	15	ACAAAAACT	6232	31
IGH1V1-03	13690	13964	275	+	Yes	No	13965	CACAGTG	22	ACAAAAACC	14002	38
IGH1V3-01	14862	15162	301	+	Yes	No	15163	CACAGTG	23	ACAAAAACC	15201	39
IGH1V2-02	17433	17730	298	+	Yes	No	17731	CACAATG	23	ACAAAAACC	17769	39
IGH1V4-01	24566	24837	272	+	Yes	Yes	24838	CGCAGTG	22	CCACAAACC	24875	38
IGH1V1-04	37305	37596	292	+	Yes	No	37597	CACAGTG	22	ACAAAAACC	37634	38
IGH1V2-03	48845	49139	295	+	Yes	No	49140	CACAGTG	23	TCAAAAACT	49178	39
IGH1V1-05	49909	50197	289	+	Yes	No	50198	CACAGTG	22	ACAAAAACC	50235	38
IGH1V5-01	51710	51998	289	+	Yes	No	51999	CACAGTG	22	ACAAAAACT	52036	38
IGH1V2-04	56322	56616	295	+	Yes	No	56617	CACAGTG	23	ACAAAAACC	56655	39
IGH1V6-01	57465	57762	298	+	Yes	No	57763	CACAGTG	21	ACTAAATCT	57799	37
IGH1V1-06	59678	59966	289	+	Yes	No	59967	CACAGTG	22	ACAAAAACC	60004	38
IGH1V4-02	68017	68288	272	+	Yes	Yes	68289	TGCAGTG	22	TCACAAACC	68326	38
IGH1V2-05	69787	70084	298	+	Yes	No	70085	CACAGTG	23	ACAAAAACC	70123	39
IGH1V1-07	155485	155763	279	+	Yes	No	155764	CACAGTG	22	TCAAAACCC	155801	38
IGH2V2-02	282912	282618	295	-	Yes	No	282617	CACAGTG	23	ACAAAAACC	282579	39
IGH2V4-01	284673	284402	272	-	Yes	Yes	284401	TGCAGTG	22	TCACAAACC	284364	38
IGH2V5-01	289094	288806	289	-	Yes	No	288805	CACAGTG	22	ACAGAAACT	288768	38
IGH2V1-03	290269	289975	295	-	Yes	No	289974	CACAGTG	22	ACAAAAACC	289937	38
IGH2V1-02	294124	293833	292	-	Yes	No	293832	CACAGTG	22	ACAAAAACC	293795	38
IGH2V2-01	304072	303778	295	-	Yes	No	303777	CAGGGCC	24	AGCACAAAG	303738	40
IGH2V1-01	305202	304924	279	-	Yes	No	304923	CACAGTG	22	TCAAAACCC	304886	38
