Name	5’-RSS Start	5’-RSS Nonamer	5’-RSS Spacer Length	5’-RSS Heptamer	5’-RSS End	Start	Sequence	Length (bp)	Strand	End	3’-RSS Start	3’-RSS Heptamer	3’-RSS  Spacer Length	3’-RSS Nonamer	3’-RSS End
IGH1D01	25754	GGTTGTTGT	12	CACTGTG	25781	25782	ATACGTACTTTCGTGGTATATAGAGA	26	+	25807	25808	CACAGTG	12	ACAAAAACC	25835
IGH1D02	76672	AGTTTTTGA	12	CACAGTG	76700	76701	GATATCTGGGTGGGG	15	+	76715	76716	CACAGTG	12	ACAAAAACC	76743
IGH1D03	76999	TGTTGTTGT	12	CACAGTG	77026	77027	TGAAATGATTAC	12	+	77038	77039	CACTGTG	11	AATATAACC	77065
IGH1D04	77448	AGTTTTTGT	12	CACGGTG	77475	77476	TCGCGTAGCGGC	12	+	77487	77488	CACAGCG	12	ACATAAAAC	77515
IGH1D05	78688	GATGTTTTT	13	CACAGTG	78716	78717	GAAACCACGGCAGC	14	+	78730	78731	CACAGCG	12	ACAAAAGCC	78758
IGH1D06	79021	TGTTTTTGT	12	CGCTGTG	79048	79049	TTTATAGCGGCTAC	14	+	79062	79063	CACTGTG	12	ACAAGATCC	79090
IGH1D07	80389	AGTTTTGGT	12	CACAGTG	80416	80417	CAGACTGGAGA	11	+	80427	80428	CACAACG	12	ACAAAAACC	80455
IGH1D08	81334	TGTTTTTGT	12	CGCTGTG	81361	81362	TTCATGGCAGCCAC	14	+	81375	81376	CACTGTG	12	ACAAAATCC	81403
IGH1D09	82039	AGTTTTGGT	12	CACAGTG	82066	82067	CAGACTGGAGC	11	+	82077	82078	CACAATG	12	ACAAAAACC	82105
IGH1D10	84254	TCATTCATT	12	CACTGTG	84281	84282	TGGGGTGGCAGC	12	+	84293	84294	CACAGTG	12	ACAAAAACC	84321
IGH2D04	263533	AGTTTTGGT	12	CACAGTG	263506	263505	CAGACTGGAGA	11	-	263495	263494	CACAACG	12	ACAAAAACC	263467
IGH2D03	270282	TGTTTTTGT	12	CGCTGTG	270255	270254	TTTATAGCGGCTAC	14	-	270241	270240	CACTGTG	12	ACAAGATCC	270213
IGH2D02	270917	TGTTTTTGT	12	CACAGTG	270890	270889	GAAACCACGGCAGC	14	-	270876	270875	CACAGCG	12	ACAAAAGCC	270848
IGH2D01	271786	AGTTTTTAT	12	CATGGTG	271759	271758	GACTTTTACTAC	12	-	271747	271746	CACAATG	12	ACAAAAACC	271719